Dataset,#Samples,#Features,Source,Description,Leak,Synthetic / Unknown origin,Is timesplit appropriate?,Is timesplit used?,Is timesplit possible?,Raw,HomE,HetE,"Semi-
Tabular",Tabular,Year,Grinsztajn,Tabzilla,WildTab,TableShift,TabR
lymph,148,19,https://www.openml.org/search?type=data&status=active&id=10,"This dataset was collected in November 1988 for University Medical Centre, Institute of Oncology, Ljubljana, Yugoslavia by  Bojan Cestnik. It includes results of lymph test. The task is to classify lymph in one of four categories. Unfortunately, the dataset contains only 2 samples with normal lymph, making it hard for the dataset to be used for training a real world model categorizing lymph.",0,0,1,0,0,,,,,1,1988,,1,,,
qsar-biodeg,155,42,https://www.openml.org/search?type=data&status=active&id=1494,"The QSAR biodegradation dataset was built by the Milano Chemometrics and QSAR Research Group. Nowadays, a different approach based on graph neural networks is taken towards the task of predicting the characteristics of molecules, which is why this is not really a realistic use-case for tabular DL",0,0,0,0,0,,,1,,,2013,,1,,,
audiology,226,70,https://archive.ics.uci.edu/dataset/8/audiology+standardized ,"The audiology dataset has been provided by Professor Jergen at Baylor College of Medicine in 1987, and contains information describing the hearing ability of different patients",0,0,1,0,0,,,,,1,1987,,1,,,
heart-h,294,14,https://openml.org/search?type=data&status=active&id=51,This dataset was originally created by Andras Janosi et al. in 1988. A very small dataset including features describing person's questionnaire responses as well as some compressed test results. Statistics are too shallow to adequately solve the task at hand.,0,0,1,0,0,,,,,1,1988,,1,,,
colic,368,27,https://www.openml.org/search?type=data&status=active&id=25,The dataset of horses symptoms and whether or not they required surgery.,0,0,1,0,0,,,,,1,1989,,1,,,
monks-problems-2,601,7,https://www.openml.org/search?type=data&status=active&id=334,"Simple toy synthetic, the task of determining whether there are exactly two ones among the 6 binary variables.",0,1,0,0,0,0,0,0,0,0,1992,,1,,,
balance-scale,625,5,http://archive.ics.uci.edu/dataset/12/balance+scale,"This data set was generated to model psychological experimental results.  Each example is classified as having the balance scale tip to the right, tip to the left, or be balanced.  The attributes are the left weight, the left distance, the right weight, and the right distance.  The correct way to find the class is the greater of  (left-distance * left-weight) and (right-distance * right-weight).  If they are equal, it is balanced. This is not a real world problem. Just the data from psychological study, easily solvable with one equation",0,1,0,0,0,0,0,0,0,0,1994,,1,,,
profb,672,10,https://www.openml.org/search?type=data&status=active&id=470,Dataset describing professional football games. The task is to predict whether the favoured team was playing home.,0,0,1,0,0,,,,,1,1992,,1,,,
Australian,690,15,https://archive.ics.uci.edu/dataset/143/statlog+australian+credit+approval,"Anonymized credit aproval dataset. Corresponds to a real-life task, but very small, with only 15 features, and no way to create a time/or even user based validation split, no time variable is available",0,0,1,0,0,,,,,1,1987,,1,,,
credit-approval,690,16,https://archive.ics.uci.edu/dataset/27/credit+approval,Same as Australian (but without preprocessing),0,0,1,0,0,,,,,1,1987,,1,,,
vehicle,846,19,https://www.openml.org/search?type=data&status=active&id=54,"This dataset was created from the vehicle silhouettes in 1987, the task is to classify a car class by its silhouette.",0,0,0,0,0,,,1,,,1987,,1,,,
cnae-9,1080,857,https://www.openml.org/search?type=data&status=active&id=1468,"This dataset only offers the frequencies of 800 words as features, the data is purely from the NLP domain",0,0,0,0,0,,1,,,,2009,,1,,,
socmob,1156,6,https://www.openml.org/search?type=data&status=active&id=44987,"An instance represents the number of sons that have a certain job A given the father has the job B (additionally conditioned on race and family structure). Just statistic data, not a real task",0,0,1,0,0,,,,,1,1973,,1,,,
100-plants-texture,1599,65,https://archive.ics.uci.edu/dataset/241/one+hundred+plant+species+leaves+data+set ,"This is a small dataset with images and image based features. The dataset first appeared in the paper ""Plant Leaf Classification Using Probabilistic Integration of Shape, Texture and Margin Features. Signal Processing, Pattern Recognition and Applications"", written by Mallah et al in 2013, and contains texture features extracted from the images of  the leaves taken from Royal Botanic Gardens in Kew, UK. The task at hand is to recognize which leave is being described by the given features. While this feature extraction was a beneficial way to handle vision-based information in the early 2010s, modern approaches to CV focus on the specific architectures better suited for image data.",0,0,0,0,0,,1,,,,2012,,1,,,
mfeat-fourier,2000,77,https://archive.ics.uci.edu/dataset/72/multiple+features ,One of a set of 6 datasets describing features of handwritten numerals (0 - 9) extracted from a collection of Dutch utility maps.,0,0,0,0,0,,1,0,,,1998,,1,,,
mfeat-zernike,2000,48,https://archive.ics.uci.edu/dataset/72/multiple+features,One of a set of 6 datasets describing features of handwritten numerals (0 - 9) extracted from a collection of Dutch utility maps.,0,0,0,0,0,,1,,,,1998,,1,,,
kc1,2109,22,https://openml.org/search?type=data&status=active&id=1067,"This dataset was created by Mike Chapman at NASA, and it contains features associated with the software quality. The task is to predict whether the code has any defects. Nowadays, the task of code quality analysis is solved mainly using NLP methods and is not tabular.
",0,0,0,0,0,,,1,,,2004,,1,,,
wine,2554,11,https://archive.ics.uci.edu/ml/datasets/wine+quality ,"This dataset was published by Cortez et al. in 2009, and it contains chemical properties of different wines. The task is to predict the quality of wine.",0,0,0,0,0,,,,,1,2009,1,,,,
jasmine,2984,145,http://automl.chalearn.or ,"The data was provided by AutoML challenge, and the dataset was created from objects from another domain, such as text, audio, or video, compressed into tabular form. ",0,1,0,0,0,,,1,,,2018,,1,,,
splice,3190,61,https://www.openml.org/search?type=data&sort=version&status=any&order=asc&exact_name=splice&id=46,"The task is to classify parts of genom as splice regions. The features are just a subsequence of DNA, more of an NLP task",0,0,0,0,0,1,,,,,1992,,1,,,
Bioresponse,3751,1777,https://www.kaggle.com/c/bioresponse/overview,"This datasets present a classification problem on molecules. The underlying data is not tabular, graph-based methods, incorporating 3d structure are known to outperform manual descriptors (https://ogb.stanford.edu/docs/lsc/leaderboards/#pcqm4mv2), this is not a mainstream task in it's formulation. For a more up to date datasets and classification tasks on molecules one could use https://moleculenet.org for example",0,0,0,0,0,,1,,,,2012,,1,,,
analcatdata_supreme,4052,7,https://pages.stern.nyu.edu/~jsimonof/AnalCatData ,"The analcatdata_supreme dataset first appeared in the 2003 book ""Analysing Categorical Data"" by Jeffrey S. Simonoff.  This dataset contains a collection of decisions made by the Supreme Court of the United Stated from 1953 to 1988. The information used is very shallow, and the data was introduced for domain specific analysis, not to compare performance on random splits of the dataset",0,0,1,0,1,,,,,1,2003,1,,,,
Mercedes_Benz_Greener_Manufacturing,4209,359,https://openml.org/d/42570 ,"This dataset presents features about a Mercedes car, the task is to determine the time it will take to pass testing. ",0,0,0,0,0,,,,,1,2017,1,,,,
ada-agnostic,4562,49,http://clopinet.com/isabelle/Projects/agnostic/Dataset.pdf,"This dataset is a processed version of the popular Adult dataset.  This particular rendition of the well known dataset first appeared in the competition ""Agnostic Learning vs. Prior Knowledge"" that took place at IJCNN 2007. The differences with the original Adult include some features or categorical values being dropped and missing values being preprocessed. Overall, this rendition is plagued by the same problems that the original Adult dataset has, making it serve as a duplicate less useful for analysing tabular machine learning in the context of large benchmarks. ",0,0,1,0,0,,,,,1,1994,,1,,,
rl,4970,12,https://openml.org/d/41160 ,"Unknown real-life problem. Small, not many features, No canonical split. Retrieval methods such as TabR achieve large performance gains, which could signal that there is leakage in the data.",0,1,0,0,0,,,,,1,2018,1,,,,
KDDCup09_upselling,5032,45,http://proceedings.mlr.press/v7/guyon09/guyon09.pdf,"Realworld data and problem from orange telecom company, the taks is binary classification of upselling. All variables are anonyimzed, the time is not available (but predictions in this problem do happen in the future) only i.i.d train with labels is available",0,0,1,0,0,,,,,1,2009,1,,,,
kdd_ipums_la_97-small,5188,20,https://kdd.ics.uci.edu/databases/ipums/ipums.html ,"The data is a subsample of census responces from the Los Angeles area for years 1970, 1980 and 1990. Unknown target variable (some categorical column from census binarized). Not a real world task, based on census data.",0,0,1,0,0,,,,,1,1997,1,,,,
phoneme,5404,6,https://sci2s.ugr.es/keel/dataset.php?cod=105#sub2 ,"The dataset describes a collection of phonemes and presents a task of classifying between nasal and oral sounds.  
The phonemes are transcribed as follows: sh as in she, dcl as in dark, iy as the vowel in she, aa as the vowel in dark, and ao as the first vowel in water."", DL in audio outperforms shallow methods, when applied to raw data. Here we only have 5 features extracted from the raw data (its audio)",0,0,0,0,0,,1,,,,1993,1,1,,,
wine_quality,6497,11,https://openml.org/d/287 ,"This dataset was published by Cortez et al. in 2009, and it contains chemical properties of different wines. The task is to predict the quality of wine.",0,0,0,0,0,,,,,1,2009,1,,,,
eye_movements,7608,20,https://openml.org/d/1044 ,"Time-series, Grouped data. This is a grouped dataset, some models are able to find a leak and predict based on an assingnment number perfectly (MLP-PLR for example).",1,0,0,0,0,,,,,1,2005,1,,,,
isolet,7797,613,https://openml.org/d/300 ,The dataset describes features extracted from audio recordings of name of each letter of the english alphabet. The task is to classify the phoneme. This task would be better solved by raw audio processing.,0,0,0,0,0,,1,,,0,1994,1,,,,
Tableshift Voting,8000,55,https://electionstudies.org/,"The prediction target for this dataset is to determine whether an individual will vote in the U.S presidential election, from a detailed questionnaire. It seems like the data goes all the way back to 1948, which makes this not realistic when not using time split",0,0,1,0,1,,,,,1,2020,,,,1,
cpu_act,8192,21,https://openml.org/d/197 ,This data represents logs from a server computer. The task is to predict the portion of time that cpu runs in user mode.,0,0,1,0,0,,,,,1,1999,1,,,,
SpeedDating,8378,121,https://www.openml.org/search?type=data&status=active&id=40536,"This dataset describes experimental speed dating events that took place from 2002 to 2004. The data describes the responses of participants to a questionnaire, and the target variable is whether they matched or not.",0,0,1,0,0,,,,,1,2004,,1,,,
visualizing_soil,8641,4,https://openml.org/d/688 ,"Leakage. This dataset describes a series of measurements of soil resistivity taken on a grid. The original intended target variable was the resistivity of the soil, however it wasn't the first variable, and the technical variable #1 became the target variable in the later versions of this dataset on OpenML and in the tabular benchmarks. This makes the task absurd and trivial, as a simple if between two linear transforms of two different other features in the dataset performs on par with the best algorithm mentioned in the TabR paper, beating 4 others.",1,0,0,0,0,,,,,1,1993,1,,,,
yprop_4_1,8885,62,https://pubmed.ncbi.nlm.nih.gov/14502479/,"This dataset describes a series of chemical formulas, with a task of predicting one attribute of a molecule based on many others. The task would be better solved by graph DL methods.",0,0,0,0,0,,1,,,,2003,1,,,,
Gesture Phase,9873,32,https://www.sciencedirect.com/science/article/pii/S0957417416300525,"The task of this dataset is classifying gesture phases. Features are the speed and the acceleration from kinect. There are 7 videos from 3 users (3 gesture sequences from 2 and one from additional user). The paper, which introduced the dataset mentions that using same user (but different story) for evaluation influences the score. Tabular DL papers, use random split on this dataset – this is not assesing the performance on new user, not even on new sequences of one user, not a canonical split. Without canonical split, the task contains leakage, which is easily exploited by using retrieval methods or overtuning models.",1,0,1,0,1,,,,,1,2016,,1,,,
Churn Modelling,10000,11,https://www.kaggle.com/datasets/shubh0799/churn-modelling/data,"This dataset describes a set of customers of a bank, with a task of classifying whether a user will stay with the bank. Not a time split. Unknown source (may be synthetic). Not rich information. Narrow, No License. No canonical split (No time dimention)",0,1,1,0,0,,,,,1,2020,,,,,1
credit-g,10000,21,https://www.openml.org/search?type=data&status=active&id=44096,"This dataset includes a number of simple features useful for determining whether the bank can expect a return on a credit. The nature of labels not explained, time feature not used",0,0,1,0,0,,,,,1,1994,,1,,,
Tableshift HELOC,10000,23,https://community.fico.com/s/explainable-machine-learning-challenge,TableShift uses the Home Equity Line of Credit (HELOC) Dataset from the FICO Explainable Machine Learning Challenge,0,0,1,0,0,,,,,1,2018,,,,1,
sulfur,10081,6,https://openml.org/d/23515 ,"Leakage. In this dataset, there originally were 2 closely related target variables: H2S concetration and SO2 concentration. However, the version used in the aforementioned tabular benchmarks contains one of these target variables as a feature. According to the oberserved feature importances, the new feature is much more informative about the target variable than any of the old ones: the original features only describe the outputs of the physical sensors, while the new one already uses the knowledge about the chemical makeup of the gas. Due to the described problems, which stem from the accidental error in the data preparation, the current version of this dataset does not seem close to the intent of the original dataset authors. ",1,0,0,0,0,,,,,1,2007,1,,,,
pol,10082,26,https://openml.org/d/722 ,"The data describes a telecommunication problem, no further information is available. ",0,0,1,0,0,,,,,1,1995,1,,,,
artificial-characters,10218,8,https://ieeexplore.ieee.org/document/327470,"This database has been artificially generated. It describes the structure of the capital letters A, C, D, E, F, G, H, L, P, R, indicated by a number 1-10, in that order (A=1,C=2,...). Each letter's structure is described by a set of segments (lines) which resemble the way an automatic program would segment an image. The dataset consists of 600 such descriptions per letter.

Originally, each 'instance' (letter) was stored in a separate file, each consisting of between 1 and 7 segments, numbered 0,1,2,3,... Here they are merged. That means that the first 5 instances describe the first 5 segments of the first segmentation of the first letter (A). Also, the training set (100 examples) and test set (the rest) are merged. The next 7 instances describe another segmentation (also of the letter A) and so on.

Not a tabular data task (synthetic letter classification). When used as a tabular dataset, leak could easily be exploited through the ""V7: diagonal, this is the length of the diagonal of the smallest rectangle which includes the picture of the character. The value of this attribute is the same in each object.""",1,1,0,0,0,1,,,,,1993,,1,,,
bank-marketing,10578,7,https://core.ac.uk/download/pdf/55616194.pdf,"Dataset describes 17 marketing campaigns by a bank from 2008 to 2010. A set of features is not very rich, but reasonable (ideally there would be more user features and statistics). ",0,0,1,0,0,,,,,1,2010,1,,,,
Brazilian_houses,10692,8,https://openml.org/d/42688 ,"Similar to other housing market prediction tasks, the data is a snapshot of listings on a brazilian website with houses to rent. No way to create a time split.",0,0,1,0,0,,,,,1,2020,1,,,,
MagicTelescope,13376,10,https://openml.org/d/1120,Physics simulation,0,0,0,0,0,,,,,1,2004,1,,,,
Ailerons,13750,40,https://openml.org/d/296 ,"This data set addresses a control problem, namely flying an F16 aircraft. The attributes describe the status of the aeroplane, while the goal is to predict the control action on the ailerons of the aircraft. According to the descriptions available, the dataset first appears in a collection of regression datasets by Luis Torgo and Rui Camacho made in 2014, but the original website with the description (ncc.up.pt/~ltorgo/Regression/DataSets.html) seems to no longer respond. The task of controlling a vehicle through machine learning has gained a large interest in the recent years, but it is not done through tabular machine learning, instead often utilizing RL and using wider range of sensors that those used in the non-self-driving version of the vehicle. ",0,0,0,0,0,1,,,,,2014,1,,,,
MiamiHousing2016,13932,14,https://openml.org/d/43093 ,"The dataset comes from publicly available information on house sales in Miami in 2016. While this dataset has several improvements when compared to the california housing dataset, such as not averaging prices in a block, as well as availability of date of sale, the features are still shallow when compared to the housing dataset presented in this paper.",0,0,1,0,1,,,,,1,2016,1,,,,
elevators,16599,16,https://openml.org/d/216 ,"This data set addresses a control problem, namely flying an F16 aircraft. The attributes describe the status of the aeroplane, while the goal is to predict the control action on the ailerons of the aircraft. According to the descriptions available, the dataset first appears in a collection of regression datasets by Luis Torgo and Rui Camacho made in 2014, but the original website with the description (ncc.up.pt/~ltorgo/Regression/DataSets.html) seems to no longer respond. The task of controlling a vehicle through machine learning has gained a large interest in the recent years, but it is not done through tabular machine learning, instead often utilizing RL and using wider range of sensors that those used in the non-self-driving version of the vehicle. ",0,0,0,0,0,1,0,0,0,0,2014,1,1,,,
compass,16644,17,https://www.kaggle.com/datasets/danofer/compass?select=cox-violent-parsed.csv ,"This dataset's task is to determine whether a person will be arrested again after their release based on simple statistical features. The dataset first appeared in the paper ""It's COMPASlicated: The Messy Relationship between RAI Datasets and Algorithmic Fairness Benchmarks"" by Bao et al. Seemingly there are a lot of duplicates in the data, which leads to leakage when the random split is applied. Retrieval methods such as TabR achieve large performance gains.",1,0,1,0,0,,,,,1,2017,1,,,,
credit,16714,10,https://www.kaggle.com/c/GiveMeSomeCredit/data?select=cs-training.csv ,"Dataset from the kaggle competition hosted by ""Credit Fusion"". Corresponds to a real world prediction problem. Not possible to create an out-of-time evaluation set. Relatively (relative to modern dataset, e.g. https://www.kaggle.com/competitions/amex-default-prediction/overview) few features available.",0,0,1,0,0,,,,,1,2011,1,,,,
Bike_Sharing_Demand,17379,6,https://openml.org/d/42712 ,"This dataset was produced based on the data by Capital Bikeshare system from 2011 and 2012. The task is to predict the count of bikes in use based on time and the weather conditions. No forecasting FE done, only weather and date is available, forecasting tasks in the real-world, if solved by tabular models involve extensive feature engineering. While the task is to predict demand at a specific time, time-based split is not performed, although it is possible. Due to the random i.i.d. split of the dataset, while predicting on a test object models could use information from the train examples close in time to the test one, which wouldn't be possible in real-life conditions, since a model is used after it is trained.",1,0,1,0,1,,,,,1,2012,1,,,,
fifa,18063,5,https://www.kaggle.com/datasets/stefanoleone992/fifa-22-complete-player-dataset,"This dataset contains information about FIFA soccer players in 2021, and the target variable is their wages. The provided  features include age, weight, height, and information about time spent in the player's club, as well as the price in release clause. This dataset does not correspond to any real-world task, and the provided features are very shallow, as they luck any information about a player's performance in previous games ",0,0,1,0,0,,,,,1,2021,1,,,,
guillermo,20000,4297,http://automl.chalearn.org ,"The data was provided by AutoML challenge, and the dataset was created from objects from another domain, such as text, audio, or video, compressed into tabular form. ",0,0,0,0,0,0,0,1,0,0,2018,,1,,,
California Housing,20640,8,https://www.sciencedirect.com/science/article/abs/pii/S016771529600140X,"This data comes from 1990 US Census data. Each object describes a block group, which on average includes 1425.5 individuals. The features include information about housing units inside a block group, as well as median income reported in the area. The target variable is ln of a median house price. Due to the fact that target variable is averaged across a large amount of houses, KNN algorithms using coordinates of a block are very effective. The housing prices are quickly changing in time, which presents an additional challenge for tabular ML models, however on this dataset a time-based split is implossible. The provided features are also shallow in a comparison to a dataset that may be used in an industrial scenario, e.g. housing dataset included in our publication includes hundreds of features as opposed to this dataset, which includes only 8.",0,0,1,0,0,,,,,1,1990,1,,,,1
houses,20640,8,https://openml.org/d/537 ,"Data source bias, repeated dataset (unkown source in the description, but this is literally california_housing with a different name and two features slightly altered)",0,0,1,0,0,,,,,1,1990,1,,,,
superconduct,21263,79,https://www.frontiersin.org/articles/10.3389/fmats.2021.714752/full,"This dataset presents information about superconductors, with a task of predicting critical temperature.",0,0,0,0,0,,,,,1,2021,1,,,,
house_sales,21613,15,https://openml.org/d/42731 ,"This dataset was created based on public records of house sales from May 2014 to May 2015. While this dataset has several improvements when compared to the california housing dataset, such as not averaging prices in a block, as well as availability of date of sale, the features are still shallow when compared to the housing dataset presented in this paper.",0,0,1,0,1,,,,,1,2015,1,,,,
House 16H,22784,16,https://www.dcc.fc.up.pt/~ltorgo/Regression/census.html,"No time features, comes from US Census 1990. Feature selection was performed, non correlated features were selected for house 16H(hard). Narrow, by definition, less important features. Learning problem, not the most representative for the real world task",0,0,1,0,0,,,,,1,1990,1,,,,1
Tableshift ICU Hospital Mortality,23944,7520,https://arxiv.org/abs/2312.07577 ,"The data comes from MIMIC-III, describing records from Beth Israel Deaconess Medical Center. The data used in this dataset would be more effectively processed as time series and sequences.",0,0,1,0,0,,,,1,,2016,,,,1,
Tableshift ICU Length of stay,23944,7520,https://tableshift.org/,"The data comes from MIMIC-III, describing records from Beth Israel Deaconess Medical Center. The data used in this dataset would be more effectively processed as time series and sequences.",0,0,1,0,0,,,,1,,2016,,,,1,
Tableshift Childhood Lead,27000,8,https://www.cdc.gov/nchs/nhanes/index.htm,"The data comes from CDC National Health and Nutrition Examination Survey, and the task in this dataset is to predict whether a person has high blood lead levels based on answers to a questionnaire.",0,0,1,0,1,,,,,1,2023,,,,1,
nomao,34465,119,https://www.researchgate.net/publication/236168126_Design_and_Analysis_of_the_Nomao_challenge_Active_Learning_in_the_Real-World,"Active learning dataset, the task is determining whether two geo-location points are the same. Hand-labeled by an expert of Nomao.",0,0,0,0,0,,,,,1,2013,,1,,,
electricity,38474,7,https://openml.org/d/151 ,"Data comes from the Australian New South Wales Electricity Market. The task is to predict whether electricity prices will go up or down. When a random split is used, there is a leak in the data, and retrieval methods such as TabR can achieve near 100% accuracy.",1,0,1,0,1,,,,,1,1998,1,1,,,
OnlineNewsPopularity,39644,59,https://openml.org/d/42724 ,"This dataset contains information about articles published by Mashable, and posits a task of predicting number of shared of each article. Features are mostly NLP related, e.g. LDA and number of specific keywords. Would be better solved by NLP approaches. ",0,0,1,0,0,,,,,,2015,1,,,,
jungle-chess,44819,7,https://www.openml.org/search?type=data&status=active&id=41003,"Game simulation, not a real ML task.",0,1,0,0,0,1,0,0,0,0,2014,,1,,,
Adult,48842,33,https://archive.ics.uci.edu/dataset/2/adult ,"One of the most popular tabular datasets, Adult was created by Barry Becker based on the 1994 Census database. The target variable is a binary indicator of whether a person has a yearly income above 50000\$.",0,0,1,0,0,,,,,1,1994,,,,,1
diamonds,53940,9,https://www.diamondse.info/diamond-prices.asp,"The exact source of the data is unclear. The task is to predict the price of a diamond by their characteristics. Diamond prices fluctuate in time, however no timestamp information is available. ",0,0,1,0,0,,,,,1,2015,1,,,,1
Otto Group Products,61878,93,https://www.kaggle.com/competitions/otto-group-product-classification-challenge/ ,"This data comes from 2015 kaggle competition hosted by The Otto Group. The objective is to classify a product's category. Each row corresponds to a single product. There are a total of 93 numerical features, which represent counts of different events. All features have been obfuscated and will not be defined any further. No time meta-feature, no way to ensure there is no time leak (what are the events? what if the distribution of these counts shifts over time?). No canonical split available, no details on the competition website on the nature of the features",0,0,1,0,1,,,,,1,2015,,,,,1
Helena,65196,27,http://automl.chalearn.org ,"The data was provided by AutoML challenge, and the dataset was created from objects from another domain, such as text, audio, or video, compressed into tabular form. ",0,1,0,0,0,,,1,,,2018,,,,,
MiniBooNE,72998,50,https://openml.org/d/41150,Physics simulation,0,0,0,0,0,,,,,1,2005,1,1,,,
Jannis,83733,54,http://automl.chalearn.or ,"The data was provided by AutoML challenge, and the dataset was created from objects from another domain, such as text, audio, or video, compressed into tabular form. ",0,0,0,0,0,,,1,,,2018,1,,,,
Tableshift Readmission,99000,47,https://www.hindawi.com/journals/bmri/2014/781670/,"""This study used the Health Facts database (Cerner Corporation, Kansas City, MO), a national data warehouse that collects comprehensive clinical records across hospitals throughout the United States."" Clinical patient with diabetes data. 47 features with questionnaire like information (num_previous visits, which medication patients were using, which diagnosis patients had). No time feature available. ",0,0,1,0,0,,,,,1,2008,,,,1,
ALOI,108000,128,https://ieeexplore.ieee.org/document/6575194 ,The dataset describes a collection of images provided by Geusebroek et al. The features used in this version are color histogram values. ,0,0,0,0,0,,1,,,,2005,,,,,
road-safety,111762,32,https://openml.org/d/42803 ,"The data describes road accidents in Great Britain from 1979 to 2015. The task is to predict sex of a driver based on information about an accident.  Retrieval methods such as TabR achieve large performance gains, which could signal that there is leakage in the data.",0,0,1,0,1,,,,,1,2015,1,,,,
Tableshift Colege Scorecard,124699,119,https://collegescorecard.ed.gov/,The task is to predict the completion rate for a college. The College Scorecard is an institution-level dataset compiled by the U.S. Department of Education from 1996-present,0,0,1,0,0,,,,,1,2023,,,,1,
medical_charges,163065,3,https://openml.org/d/42720 ,"Public medicare data from 2019. According to openml analysis, only one of the features is important for prediction.",0,0,1,0,0,,,,,1,2019,1,,,,
Black Friday,166821,9,https://datahack.analyticsvidhya.com/contest/black-friday/#ProblemStatement ,"No time split, predicting customers purchase amount from demographic features. ""A retail company “ABC Private Limited” wants to understand the customer purchase behaviour (specifically, purchase amount) against various products of different categories. They have shared purchase summary of various customers for selected high volume products from last month.
The data set also contains customer demographics (age, gender, marital status, city_type, stay_in_current_city), product details (product_id and product category) and Total purchase_amount from last month."" No way to check if the dataset is real. Potential leakage. The task looks artificial we need to predict purchase amount based on 6 user and 3 product features (there are 5k users and 3k unique users and products on 160k samples, mean price for a product is a strong baseline). ",0,0,1,0,0,,,,,,2019,1,,,,1
Facebook Comments Volume,197080,51,https://archive.ics.uci.edu/dataset/363/facebook+comment+volume+dataset ,"This dataset presents information about a facebook post and the target is to determine how many comments will appear within a periof of time.  Leakage. Same comments from different points in time, random split is inappropriate. This case is described in the appendix of a TabR paper, as this model was able to exploit the leak do get extreme performance improvements",1,0,1,0,0,,,,,1,2016,,,,,
Santander Customer Transactions,200000,200,https://www.kaggle.com/competitions/santander-customer-transaction-prediction ,The data comes from 2019 kaggle competition by Santander. The task is to predict whether a customer will make a specific transaction. Performed processing is unknown. Time-based split is appropriate but not possible to perform. ,0,0,1,0,0,,,,,1,2019,,,,,
SGEMM_GPU_kernel_performance,241600,9,https://openml.org/d/43144 ,"Leakage. The task is to predict the time that it takes to multiply two matrices, but 3 out of 4 target variables are given. With them included, all other features have zero random forest importance.",1,0,0,0,0,,,,,1,2018,1,,,,
particulate-matter-ukair-2017,394299,6,https://joss.theoj.org/papers/10.21105/joss.00051,"Hourly particulate matter air polution data of Great Britain for the year 2017. Time features available, prior work use random split. There are only 6 features, describing time and location. This is a time-series forecasting problem (2 features from the original dataset missing). This is more likely a time-series problem, as there are not many heterogeneous features related to the task, only time-based features",0,0,1,0,1,,,,,1,2017,1,,,,
Shifts Weather (in-domain-subset),397099,123,https://github.com/Shifts-Project/shifts ,The dataset first appeared in the 2021 paper concerning distributional shift. Leakage. In-domain version used. Samples from the future used for prediction. Retrieval methods such as TabR achieve large performance improvements.,1,0,0,0,1,,,,,1,2021,,,1,,1
covertype,423680,54,https://dl.acm.org/doi/10.5555/928509,"This dataset comes from 1998 study comparing different methods for predicting forest cover types from cartographic variables. No time features included. Not representative of a real world task: predicting forest cover-type solely from geological and cartographic features comes-up less frequently, than directly processing GNSS data  ",0,0,1,0,0,,,,,1,1998,1,,,,1
albert,425240,79,http://automl.chalearn.org ,"This is an anonymized dataset with unknown origin. Based on the source description, the original data could be of any modality. There is no way to control a train / test split without task details.",0,1,0,0,0,,,1,,,2018,,1,,,
Epsilon,500000,2000,https://k4all.org/project/large-scale-learning-challenge/,"This dataset comes from a 2008 competition ""Large Scale Learning Challenge"" by the K4all foundation. The source of the data is unclear, the dataset might be synthetic. ",0,1,0,0,0,,,,,1,2008,,,,,
Year,515345,90,https://archive.ics.uci.edu/dataset/203/yearpredictionmsd,"This dataset describes musical compositions, with the target variable being a year in which the composition was created. Another domain (audio features - extracted from audio, thus suitable for tabular DL, but DL for audio on raw data is preferable in this domain. Year prediction, solved as a regression task. Dataset does not correspond to a real-world problem (the year meta-data is easy to obtain, no need for prediciton). Problem with the formulation – solving as a classification problem might be preferable (98% + accuracy with a simple NN as reported in https://samyzaf.com/ML/song_year/song_year.html )",0,0,0,0,0,,1,,,,2011,1,,,,
airlines,539382,8,https://openml.org/d/41672,"The airlines dataset was created for the Data Expo competition in 2006 by Elena Ikonomovska. Unfortunately, the competition link provided in the secondary sources does not work anymore. The proposed task for the dataset is to predict flight delays based on Airline, flight number, time, source and destination. While the data is sourced in the real world, and the task of predicting the delay of the flight certainly could be solved with tabular deep learning, the provided features lack most information essential to predicting the delay. Time based train/val/test split is important but impossible to produce with this dataset.",0,0,1,0,0,,,,,1,2006,,1,,,
nyc-taxi-green-dec-2016,581835,9,https://openml.org/d/42729 ,"The data was provided by the New York City Taxi and Limousine Commission, and the task is to predict tip amound based on simple features describing the trip.",0,0,1,0,0,,,,,1,2016,1,,,,
Tableshift Food Stamps,840582,21,https://www.census.gov/programs-surveys/acs/about.html,"Data source bias (US based surveys), comes from ACS. Narrow. No time split provided in the benchmark version. ",0,0,1,0,1,,,,,1,2023,,,,1,
Tableshift Hypertention,846000,14,https://www.cdc.gov/brfss/index.html,Determine whether a person has hypertension from a telephone survey. We use data provided by the Behavioral Risk Factors Surveillance System (BRFSS). BRFSS is a large-scale telephone survey conducted by the Centers of Disease Control and Prevention.,0,0,1,0,1,,,,,1,2021,,,,1,
Broken Machine,900000,58,https://en.wikipedia.org/wiki/HTTP_404 ,"This dataset was not described anywhere, the link to the original publication on kaggle is no longer working. ",0,1,0,0,0,,,,,1,2021?,,,,,
Higgs,940160,24,https://openml.org/d/42769 ,Physics simulation data.,0,0,0,0,0,,,,,1,2014,1,1,,,1
poker-hand,1025009,9,https://archive.ics.uci.edu/dataset/158/poker+hand,"A task of classifying a poker hand based on it's content. One line non-ML solution exists, does not correspond to a real-world ML problem.",0,1,0,0,0,,,,,1,2007,,1,,,
Tableshift Diabetes,1444176,26,https://www.cdc.gov/brfss/index.html,Determine Diabetes diagnosis from a telephone survey. We use data provided by the Behavioral Risk Factors Surveillance System (BRFSS). BRFSS is a large-scale telephone survey conducted by the Centers of Disease Control and Prevention.,0,0,1,0,1,,,,,1,2021,,,,1,
Tableshift Sepsis,1500000,41,https://ieeexplore.ieee.org/document/9005736,"Predict whether a person will develop sepsis in the next 6 months based on the data about their health, including questionnaire answers and patient records.",0,0,1,0,0,,,,1,,2019,,,,1,
Tableshift Income,1600000,15,https://www.census.gov/programs-surveys/acs/about.html,The task is to predict person's income based on their answers to a survey. Data is provided by American Community Survey.,0,0,1,0,1,,,,,1,2018,,,,1,
Tableshift Unemployment,1700000,18,https://www.census.gov/programs-surveys/acs/about.html,The task is to predict whether a person is unemployed based on their answers to a survey. Data is provided by American Community Survey. ,0,0,1,0,1,,,,,1,2018,,,,1,
Tableshift ASSISTMents,2600000,16,https://new.assistments.org/,"Predict whether the student answers correctly. Features include: student-, problem-, and school-level features, the dataset also contains affect predictions for students based on an experimental affect detector implemented in ASSISTments. Timesplit is not possible.",0,0,1,0,0,,,,,1,2013,,,,1,
Tableshift Public Coverage,5900000,11,https://www.census.gov/programs-surveys/acs/about.html,The task is to predict whether a person is covered by public health insurance based on their answers to a survey. Data is provided by American Community Survey. ,0,0,1,0,1,,,,,1,2018,,,,1,
Vessel Power R,554642,10,https://arxiv.org/pdf/2206.15407,"The dataset describes information about a shipping line, with the task of determining how much power is needed.",0,0,1,0,1,,,,,1,2022,,,1,,
Vessel Power S,546543,10,https://arxiv.org/pdf/2206.15407,Synthetic version of Vessel Power dataset,0,1,1,0,1,,,,,1,2022,,,1,,